#INFO,Version=1.0.0,Template= eBay-active-revise-price-quantity-download_GB,Unnamed: 3,Unnamed: 4,Unnamed: 5,Unnamed: 6,Unnamed: 7,Unnamed: 8,Unnamed: 9,Unnamed: 10,Unnamed: 11
Action,Category name,Item number,Title,Listing site,Currency,Buy It Now price,Relationship,Relationship details,Custom label (SKU),Available quantity,Start price
Revise,Mirrors (20580),406140405400,Full Length Mirror Floor Standing or Wall Mount Dressing Mirror Bedroom Black,UK,GBP,,,,831-387,30.0,60.99 GBP
Revise,Strollers (116380),406140405488,Pet Stroller Foldable Travel Carriage w/ Brake Basket Canopy,UK,GBP,,,,D00-127GY,30.0,51.99 GBP
Revise,Fences & Pens (20748),406140405499,Pressure Fitted Pet Dog Safety Gate Metal Fence Extending 72-107cm Wide,UK,GBP,,,,D06-058,30.0,37.99 GBP
Revise,Gazebos & Pergolas (180995),406140405512,3(m) 2 Tier Garden Gazebo Top Cover Replacement Canopy Roof Light Grey,UK,GBP,,,,84C-041GY,30.0,28.99 GBP
Revise,Bathroom Cabinets (176991),406140405516,60x60cm Under-Sink Storage Cabinet w/ Adjustable Shelf Grey White,UK,GBP,,,,834-279,30.0,39.99 GBP
Revise,Dried & Artificial Flowers & Plants (4959),406140405520,2 PCs Artificial Lisianthus Flower Hanging Planter Basket,UK,GBP,,,,844-360,30.0,24.99 GBP
Revise,Dumbbells (137865),406140405530,Hexagonal Dumbbells Kit Weight Lifting Exercise for Home Fitness 2x10kg,UK,GBP,,,,A91-019V01,30.0,39.99 GBP
Revise,"Bookcases, Shelving & Storage (3199)",406140405629,5-Tier Wall Display Shelf Unit Cabinet w/ Shelves Glass Doors White,UK,GBP,,,,833-761WT,0.0,42.99 GBP
Revise,Dried & Artificial Flowers & Plants (4959),406140405630,Set Of 2 90cm Artificial Bay Laurel Topiary Trees w/Pot Fake Plant,UK,GBP,,,,844-364V01,30.0,38.99 GBP
Revise,Fences & Pens (20748),406140405634,74-84cm Adjustable Metal Pet Gate Safety Barrier w/ Auto-Close Door Black,UK,GBP,,,,D06-094,30.0,32.99 GBP
Revise,Dried & Artificial Flowers & Plants (4959),406140405650,"Set of 2 Artificial Topiary Bay Laurel Ball Trees in Pot Indoor Outdoor, 120cm",UK,GBP,,,,844-364,30.0,45.99 GBP
Revise,"Bookcases, Shelving & Storage (3199)",406140405657,5-Tier Wall Display Shelf Unit Cabinet w/ Shelves Glass Doors Black/White,UK,GBP,,,,833-761BK,30.0,42.99 GBP
Revise,"Cages, Hutches & Enclosure (63108)",406140405658,5 Tier Hamster Cage Carrier Habitat w/ Exercise Wheels Ladders Orange,UK,GBP,,,,D51-214,30.0,29.99 GBP
Revise,Tool Boxes (33089),406140405683,3 Tier Metal Toolbox with 5 Tray Carry Handle 45cmx20cmx34.5cm Red,UK,GBP,,,,B20-079RD,30.0,31.99 GBP
Revise,Sideboards & Buffets (183322),406140405699,Rubber Wood Top Kitchen Cupboard Side Cabinet Island w/Adjustable Shelf,UK,GBP,,,,835-144,30.0,71.99 GBP
Revise,Agility Training (116383),406140405718,Dogs 4-Obstacle ABS Agility Training Set Yellow/Red,UK,GBP,,,,D07-024,30.0,49.99 GBP
Revise,Shower & Bath Seats (129588),406140405735,"360 Degree Swivel Shower Stool with Non-Slip Feet for Disabled, Grey",UK,GBP,,,,713-076,30.0,20.99 GBP
Revise,"Beds, Frames & Bases (175758)",406140405744,Kids Bed Princess Castle Theme w/ Side Rails Slats Home 3-6 Yrs Pink,UK,GBP,,,,311-015,30.0,76.99 GBP
Revise,Other (88433),406140405760,PP Wall Mounted 30-Compartment Tool Hardware Organiser Red/Grey,UK,GBP,,,,B40-024,15.0,20.99 GBP
Revise,Other (88433),406140405831,PU Leather Height Adjustable Swivel Salon Stool Black,UK,GBP,,,,700-138V70,30.0,37.99 GBP
Revise,"Cages, Hutches & Enclosure (63108)",406140405845,Hamster Cage Pet Animal Travel Cage Box Double Layers w/ Accessories,UK,GBP,,,,D51-161,30.0,18.99 GBP
Revise,"Cages, Hutches & Enclosure (63108)",406140405848,5-Tier Hamster Cage Travel Carrier - Blue,UK,GBP,,,,D51-162,30.0,37.99 GBP
Revise,"Bookcases, Shelving & Storage (3199)",406140405853,Particle Board 5-Tier Glass Door Display Cabinet Black,UK,GBP,,,,833-761,4.0,42.99 GBP
Revise,Camping Wash Basins (181399),406140405878,Portable Camping Sink with Towel Holder & Soap Dispenser Hand Wash,UK,GBP,,,,A20-083,30.0,62.99 GBP
Revise,Make-Up Mirrors (106256),406140405879,Lighted Tri-Fold Vanity Mirror Large Cosmetic Mirror w/ LED Lights White,UK,GBP,,,,831-219,30.0,33.99 GBP
Revise,Other (88433),406140405907,Steel Frame Adjustable Horizonal Gymnastics Bar for Kids Pink,UK,GBP,,,,A91-099PK,30.0,99.99 GBP
Revise,Shoe Storage (43506),406140405917,12-Shoe Storage Cabinet 4 Shelves 2 Drawers Tabletop 4 Legs Modern White,UK,GBP,,,,837-062WT,30.0,52.99 GBP
Revise,Other Strength Training (28067),406140405929,Pull-Up Bar Indoor Home Fitness Doorway Horizontal Bar Gym Upper Body Workout,UK,GBP,,,,A91-103,30.0,19.99 GBP
Revise,Lamps (112581),406140405938,Mother-Child Floor Lamp Duo Light with 2 Switches and Round Base,UK,GBP,,,,B31-188V70,30.0,21.99 GBP
Revise,Other (88433),406140405950,Steel Non-Slip 2-Peice Saw Horse Black/Yellow,UK,GBP,,,,B71-039,30.0,33.99 GBP
Revise,Dried & Artificial Flowers & Plants (4959),406140405977,2 PCS Artificial Double Ball Tree w/ Pot Home Decoration 15cm,UK,GBP,,,,844-264V01,30.0,31.99 GBP
Revise,Waste Bins & Dustbins (20608),406140405981,50L Infrared Automatic Motion Sensor Dustbin Stainless Steel Trash Can,UK,GBP,,,,851-004,30.0,59.99 GBP
Revise,Other (88433),406140405987,3ft Aluminium MDF-Top Folding Picnic Table Portable Camping Table,UK,GBP,,,,84B-400V01,30.0,33.99 GBP
Revise,Furniture & Scratchers (20740),406140405988,Floor to Ceiling Cat Tree 5-Tier Climbing Tower Scratching Post Grey,UK,GBP,,,,D30-209GY,30.0,37.99 GBP
Revise,Other (88433),406140405997,5L Rectangular Steel Pedal Bin White,UK,GBP,,,,851-023WT,30.0,19.99 GBP
Revise,Drum Trucks & Sack Trucks (65530),406140406010,"Trolley Hand Trucks 6-Wheels Foldable Load Cart Steel, Red",UK,GBP,,,,B71-029,30.0,55.99 GBP
Revise,Other Bathroom Accessories (19783),406140406014,Adjustable Aluminium Bath Stool Shower Non-Slip w/ Shower Hole Blue,UK,GBP,,,,713-052,30.0,24.99 GBP
Revise,Other (88433),406140406046,"Small Animal Playpen with Mallet, Connectors and Cable Ties Metal Mesh 36 pcs",UK,GBP,,,,D06-072,30.0,34.99 GBP
Revise,"Cages, Hutches & Enclosure (63108)",406140406069,"Modular Pet Playpen Metal Wire, 106Lx73Wx36Hcm-Black",UK,GBP,,,,D06-055,30.0,22.99 GBP
Revise,Outdoor Furniture Covers (177031),406140406073,Outdoor Parasol Cover Umbrella Garden Furniture Protection Wind Rain,UK,GBP,,,,84D-001V01,30.0,14.99 GBP
Revise,Furniture & Scratchers (20740),406140406086,Floor to Ceiling Cat Tree 5-Tier Climbing Tower Scratching Post Beige,UK,GBP,,,,D30-209CW,30.0,38.99 GBP
Revise,Shower & Bath Seats (129588),406140406105,Bath Chair Shower Seat Safety Bathroom Elderly Aids Adjustable Positions,UK,GBP,,,,72-0011,30.0,23.99 GBP
Revise,Home Office Desks (88057),406140406131,"Computer Desk With 3 Shelf & Drawers, 120Wx49Dx72H cm - White",UK,GBP,,,,836-068WT,30.0,72.99 GBP
Revise,"Cages, Hutches & Enclosure (63108)",406140406148,"Rabbit Hutch, Bunny Cage Outdoor with Waterproof Roof, Natural",UK,GBP,,,,D2-0047,30.0,31.99 GBP
Revise,Other (88433),406140406153,"Folding Square Rattan Coffee Table, Steel Frame, 40Lx40Wx40H cm-Brown",UK,GBP,,,,867-034,30.0,19.99 GBP
Revise,Lawn Rollers (161015),406140406154,Garden Lawn Roller 38L Steel Push Grass Mower Water Sand Filled,UK,GBP,,,,845-237,30.0,44.99 GBP
Revise,Electric Scooters (47349),406140406189,"Folding Kids Electric Scooter Ride on Toy, Age 7-14-Blue/Black",UK,GBP,,,,AA1-056V02BU,30.0,77.99 GBP
Revise,Other (88433),406140406216,"Electric Chainsaw, 2000 W, 40 cm Blade, Corded Aluminium-Orange",UK,GBP,,,,845-219,30.0,55.99 GBP
Revise,Electric Scooters (47349),406140406225,"Foldable Kids Electric Scooter, for Ages 7-14 Years, Black",UK,GBP,,,,AA1-056V02BK,30.0,92.99 GBP
Revise,Benches (15281),406140406232,"Foldable Dumbbell Bench Weight Training, 7 Incline Adjustable, Red",UK,GBP,,,,A91-062,30.0,63.99 GBP
Revise,Privacy Screens & Windscreens (180991),406140406235,Artificial Leaf Hedge Privacy Screen Roll Garden Fence Panel 1m x 2.4m,UK,GBP,,,,844-199,30.0,22.99 GBP
Revise,"Bookcases, Shelving & Storage (3199)",406140406268,"9 Cube Storage Unit Cabinet Bookcase Display Shelves, White",UK,GBP,,,,833-390,0.0,49.99 GBP
Revise,Cabinets & Cupboards (20487),406140406271,"6 Cubes Shelving Cabinet, Particle Board-White",UK,GBP,,,,833-423WT,30.0,41.99 GBP
Revise,Garden & Patio Furniture Sets (139849),406140406304,"Rattan Bistro Set Garden Chair Table Patio Outdoor, Mixed Grey",UK,GBP,,,,863-033,30.0,128.99 GBP
Revise,Other (88433),406140406307,Cat Scratching Post 5-tier Tall Beige Condo Kitty Activity Centre Scratcher Clim,UK,GBP,,,,D30-166,30.0,31.99 GBP
Revise,Shower & Bath Seats (129588),406140406311,Aluminium Shower Stool w/ Adjustable Height Non-Slip Bath Stool White,UK,GBP,,,,72-0012,30.0,21.99 GBP
Revise,Shower & Bath Seats (129588),406140406316,Adjustable Shower Bench with Adjustable Back and Armrest,UK,GBP,,,,72-0007,30.0,37.99 GBP
Revise,Camping Furniture (16038),406140406318,"6 Seater Folding Bench Camping Chair with Cup Holder, Blue",UK,GBP,,,,84B-066BU,30.0,48.99 GBP
Revise,Carriers & Totes (177788),406140406362,Folding Fabric Soft Pet Crate Dog Cat Travel Carrier Cage,UK,GBP,,,,D1-0100,30.0,19.99 GBP
Revise,Gazebos & Pergolas (180995),406140406394,3 x 3m Garden Pop Up Gazebo Marquee Party Tent Wedding Canopy Black,UK,GBP,,,,840-158BK,30.0,62.99 GBP
Revise,Gazebos & Pergolas (180995),406140406399,3 x 3m Garden Pop Up Gazebo Marquee Party Tent Wedding Canopy White,UK,GBP,,,,840-158WT,30.0,62.99 GBP
Revise,Gazebos & Pergolas (180995),406140406405,3 x 3m Garden Pop Up Gazebo Marquee Party Tent Wedding Canopy Blue,UK,GBP,,,,840-158BU,30.0,59.99 GBP
Revise,Waste Bins & Dustbins (20608),406140406427,68L Sensor Dustbin Stainless Steel Automatic Kitchen Waste Bin Silver,UK,GBP,,,,851-003,30.0,66.99 GBP
Revise,"Sheds, Summerhouses & Carports (139956)",406140406514,7 x 4ft Lockable Garden Shed Large Patio Roofed Tool Metal Storage Building Foun,UK,GBP,,,,845-030YL,30.0,192.99 GBP
Revise,Strollers (116380),406140406526,Pet Stroller Carrier Foldable Deluxe Jogger Walk Travel Dog Cat Blue,UK,GBP,,,,D00-058BU,30.0,49.99 GBP
Revise,Strollers (116380),406140406530,"Pet Travel Stroller, Steel Wire Frame-Blue",UK,GBP,,,,D1-0011,30.0,26.99 GBP
Revise,Accessories (87089),406140406559,High Back Detachable Canoe/Kayak Seat-Black,UK,GBP,,,,A32-002,30.0,26.99 GBP
Revise,Agility Training (116383),406140406608,Pet Agility Set Training Dogs Outward Outdoor Play Hurdle Jump Hoop Pole,UK,GBP,,,,D07-002,30.0,29.99 GBP
Revise,Agility Training (116383),406140406610,Pet Agility Training Equipment Dog Play Run Jump (Poles + Hurdle + Tunnel,UK,GBP,,,,D07-003,30.0,39.99 GBP
Revise,Portable Toilets (181397),406140406629,20L Camping Toilet Portable Travel WC Caravan Picnic Fishing Restroom,UK,GBP,,,,811-023,30.0,61.99 GBP
Revise,Other Office Furniture (3300),406140406632,Height & Angle Adjustable Footrest Home Foot Rest Under Desk - Gray black,UK,GBP,,,,922-002,30.0,21.99 GBP
Revise,Washing Lines (81241),406140406644,4-Tier Large Clothes Airer Stainless Steel Clothes Drying Rack Grey,UK,GBP,,,,03-0063,30.0,36.99 GBP
Revise,Waste Bins & Dustbins (20608),406140406648,Kitchen Recycle Waste Bin 48x34.2x41.8 cm-Grey,UK,GBP,,,,851-002,30.0,57.99 GBP
Revise,Gazebos & Pergolas (180995),406140406651,"Tent Weight Base, 4 pcs Anchor Weights-Black",UK,GBP,,,,840-041,12.0,24.99 GBP
Revise,Waste Bins & Dustbins (20608),406140406657,Automatic Hand Sensor Dustbin Kitchen Waste Bin Rubbish Can 42L Black,UK,GBP,,,,03-0045,30.0,49.99 GBP
Revise,Waste Bins & Dustbins (20608),406140406663,Automatic Hand Sensor Dustbin Kitchen Waste Bin Rubbish Can 50L Black,UK,GBP,,,,03-0046,30.0,52.99 GBP
Revise,Other (88433),406140406665,20L Stainless Steel Sensor Trash Can W/ Bucket-Chrome,UK,GBP,,,,03-0053,30.0,37.99 GBP
Revise,Gazebos & Pergolas (180995),406140406672,2mx2m Pop Up Gazebo Party Tent Canopy Marquee with Storage Bag Black,UK,GBP,,,,100110-066BK,30.0,68.99 GBP
Revise,Floor Mats (148457),406140406691,Office Carpet Protector Chair Mat Spike Non Slip Studs Frosted,UK,GBP,,,,A2-0023,30.0,19.99 GBP
Revise,Cabinets & Cupboards (20487),406140406695,"Bathroom Corner Wall Mirror Storage Cabinet Cupboard Stainless Steel, 1 Door",UK,GBP,,,,02-0551,30.0,57.99 GBP
Revise,Other (88433),406140406701,Metal ToolboxTrolley Portable Chest Box Rollcab Cabinet Garage Storage 6 Drawers,UK,GBP,,,,E2-0007,30.0,119.99 GBP
Revise,Strollers (116380),406140406702,"60cm Foldable Pet Carrier, Soft Side Pet Travel Crate w/ Mat, Red",UK,GBP,,,,D1-0016,30.0,31.99 GBP
Revise,Waste Bins & Dustbins (20608),406140406707,Sensor Dustbin Touchless Trash Can Automatic Stainless Steel 58L,UK,GBP,,,,851-011,30.0,49.99 GBP
Revise,Gazebos & Pergolas (180995),406140406709,3m x 6m Pop Up Gazebo Party Tent Canopy Marquee with Storage Bag Blue,UK,GBP,,,,100110-068B,4.0,173.99 GBP
Revise,Fences & Pens (20748),406140406714,75-82 cm Pet Safety Gate Pressure Fit Stair w/ Small Door Double Locking,UK,GBP,,,,D06-110,30.0,41.99 GBP
Revise,Camping Furniture (16038),406140406715,"6 Seater Folding Bench Camping Chair with Cup Holder, Black",UK,GBP,,,,84B-066BK,30.0,45.99 GBP
Revise,Gazebos & Pergolas (180995),406140406717,3(m) 2 Tier Garden Gazebo Top Cover Replacement Canopy Roof Cream White,UK,GBP,,,,100110-053CW,30.0,27.99 GBP
Revise,Other (88433),406140406737,4.6M Sun Umbrella Canopy Double-sided Crank Sun Shade w/ Cross Base Dark Green,UK,GBP,,,,84D-031V02,,
Revise,Dried & Artificial Flowers & Plants (4959),406140406741,"90cm Artificial Rose Tree, Fake Decorative Plant, Pink",UK,GBP,,,,844-340,30.0,21.99 GBP
Revise,Baking/Roasting Dishes (24252),406140406744,Mini Oven 9L Countertop Electric Toaster Oven w/ Adjustable Temp Timer,UK,GBP,,,,800-088,30.0,27.99 GBP
Revise,Other Ride-on Cars (19022),406140406762,Ride on Car Baby Toddler Walker Foot to Floor Sliding Car Slider Pink,UK,GBP,,,,370-201PK,30.0,37.99 GBP
Revise,Mini Ovens (122930),406140406765,"Mini Oven 21L Electric Grill w/ Adjustable Temp Timer 1400W, Black",UK,GBP,,,,800-085V70,30.0,49.99 GBP
Revise,Other (88433),406140406767,Ride on Sliding Car Baby Walker Horn Music Working Lights Storage No Power White,UK,GBP,,,,370-201WT,30.0,28.99 GBP
Revise,Kettlebells (179814),406140406939,"6KG Kettlebell with Soft Body and Non-Slip Handle, Grey and Green",UK,GBP,,,,A91-340V01GY,30.0,17.99 GBP
Revise,Other (88433),406140406970,"4KG Kettlebell, Soft Kettle Bell with Non-Slip Handle for Home Gym Weight Liftin",UK,GBP,,,,A91-340V00GY,30.0,15.99 GBP
Revise,Dumbbells (137865),406140406979,"Set of 2 Hexagonal Dumbbells Weights Pair, 2 x 3kg, Pink",UK,GBP,,,,A91-315V02PK,30.0,14.99 GBP
Revise,Kettlebells (179814),406140406980,"10KG Kettlebell with Soft Body and Non-Slip Handle, Green and Grey",UK,GBP,,,,A91-340V03GY,30.0,20.99 GBP
Revise,Other Office Furniture (3300),406140406988,Foot Rest Adjustable Height and Angle Home Office Footstool Black,UK,GBP,,,,922-002V70BK,30.0,20.99 GBP
Revise,Other (88433),406140406997,"2 in 1 Kids Ride On Tractor Pull Cart with Bucket, Under Seat Storage, Horn, Hig",UK,GBP,,,,301-057,30.0,38.99 GBP
Revise,Fences & Pens (20748),406140407009,"8-Panel DIY Dog Pen with Door for Indoor/Outdoor Use, 76cm High",UK,GBP,,,,D06-020V01BK,30.0,28.99 GBP
Revise,Mini Ovens (122930),406140407015,"Mini Oven, 9L Countertop Electric Grill, Toaster Oven with Adjustable Temperatur",UK,GBP,,,,800-088V70GY,30.0,25.99 GBP
Revise,Gazebo & Pergola Parts (159472),406140407022,"Gazebo Side Panels for 3x3(m) or 3x6m Gazebo Canopy, 2 Pack, White",UK,GBP,,,,84C-533V01WT,0.0,19.99 GBP
Revise,Fences & Pens (20748),406140407055,Metal 74-80cm Adjustable Pet Gate Safety Barrier w/ Auto-Close Door White,UK,GBP,,,,D06-094V04WT,30.0,29.99 GBP
Revise,Fences & Pens (20748),406140407061,74-80cm Adjustable Metal Pet Gate Safety Barrier w/ Auto-Close Black,UK,GBP,,,,D06-094V04BK,30.0,30.99 GBP
Revise,Furniture & Scratchers (20740),406140407066,Cat Scratching Post Cat Tree for Indoor Cats Climbing Tower Scratcher w/ Ladder,UK,GBP,,,,D30-166V00GY,0.0,28.99 GBP
Revise,Fences & Pens (20748),406140407071,75-82 cm Pet Safety Gate Pressure Fit Stair w/ Small Door Double Locking,UK,GBP,,,,D06-110V00WT,30.0,38.99 GBP
Revise,Furniture & Scratchers (20740),406140407072,72cm Cat Tree with Scratching Post Pad for Indoor Cats Light Grey,UK,GBP,,,,D30-351V00LG,0.0,22.99 GBP
Revise,Other (88433),406140407086,Set of 2 Artificial Plants Lavender Flowers Ball Trees with Pot for Home Indoor,UK,GBP,,,,830-797V00GN,30.0,35.99 GBP
Revise,Mirrors (133693),406140407092,Illuminated Bathroom Mirror with LED Lights 3 Colours Defogging Film,UK,GBP,,,,834-028V71SR,30.0,51.99 GBP
Revise,Easels (41204),406140407104,Wooden Table Easel Box with Storage Portable Folding Artist Easel,UK,GBP,,,,914-030V00ND,,
Revise,Gazebos & Pergolas (180995),406140407122,3mx3m Pop Up Gazebo Party Tent Canopy Marquee with Storage Bag Blue,UK,GBP,,,,84C-430V00BU,30.0,88.99 GBP
Revise,Gazebos & Pergolas (180995),406140407125,"3 x 3m Pop-Up Outdoor Gazebo, with Removable Walls - Black",UK,GBP,,,,84C-430V00BK,30.0,99.99 GBP
Revise,Garden Furniture Cushions & Pads (79683),406140407128,2 Seater Garden Bench Cushion Outdoor Seat Pad with Ties Dark Grey,UK,GBP,,,,84B-137V71CG,30.0,25.99 GBP
Revise,Dried & Artificial Flowers & Plants (4959),406140407133,"Set of 2 Potted Artificial Plants Ball Tree with Lavender Flowers, 60cm",UK,GBP,,,,830-704V00GN,30.0,26.99 GBP
Revise,Tables (38204),406140407136,"Folding Dining Table, Drop Leaf Table With Drawers White",UK,GBP,,,,835-679WT,30.0,72.99 GBP
Revise,Dried & Artificial Flowers & Plants (4959),406140407145,"Potted Artificial Plants Boxwood Ball Topiary Trees Indoor Outdoor, 90cm",UK,GBP,,,,830-705V00YG,30.0,34.99 GBP
Revise,Litter Trays (100411),406140407158,"Hooded Cat Litter Tray w/ Scoop, Drawer Pan, Handle, Deodorants",UK,GBP,,,,D31-077V00GY,30.0,45.99 GBP
Revise,Strollers (116380),406140407172,"Foldable Dog Carriage w/ Universal Wheels, Shock Absorber, Red",UK,GBP,,,,D00-167V01RD,23.0,102.99 GBP
Revise,Letterboxes & Slots (259224),406140407180,Weatherproof Wall Mounted Letter Box Post Box with Keys Anthracite Grey,UK,GBP,,,,B80-012V00CG,30.0,30.99 GBP
Revise,Tables (38204),406140407191,Mobile Drop Leaf Dining Table on Wheels with Storage Shelf Grey,UK,GBP,,,,835-789V00GY,30.0,82.99 GBP
Revise,Kettle & Toaster Sets (178063),406140407197,"Kettle and Toaster Sets, 1600W 1.7L Rapid Boil Kettle & 4 Slice Toaster W/7 Brow",UK,GBP,,,,800-162V70GY,30.0,57.99 GBP
Revise,Other (88433),406140407200,Kettle and Toaster Sets 1600W 1.7L Rapid Boil Kettle & 4 Slice Toaster W/7 Brown,UK,GBP,,,,800-162V70BK,30.0,54.99 GBP
Revise,Balance Training Equipment (179803),406140407210,"Balance Board, Kids Wobble board, Montessori Toy for 3-6 Years, Blue",UK,GBP,,,,331-036V00BU,30.0,28.99 GBP
Revise,Litter Trays (100411),406140407215,"Cat Litter Tray with Lid, Hooded Cat Litter Box with High Sides, Deodorant, No L",UK,GBP,,,,D31-066V00WT,30.0,26.99 GBP
Revise,Furniture & Scratchers (20740),406140407221,"81cm Cat Scratcher, Vertical Full Scratcher with Natural Sisal Rope, Hanging Bal",UK,GBP,,,,D30-663V00GY,30.0,33.99 GBP
Revise,Furniture & Scratchers (20740),406140407231,"Cat Tree Tower Scratcher with Bed for Indoor Cats, White",UK,GBP,,,,D30-607V00WT,30.0,23.99 GBP
Revise,"Cages, Hutches & Enclosure (63108)",406140407237,Hamster Cage Carrier Small Animal House w/ Exercise Wheels Tunnel Tube,UK,GBP,,,,D51-213,2.0,22.99 GBP
Revise,Litter Trays (100411),406140407252,"Hooded Cat Litter Box, Pet Toilet w/ Scoop, Tray - Grey",UK,GBP,,,,D31-061V00GY,30.0,29.99 GBP
Revise,Other (88433),406140407263,"242cm Floor to Ceiling Cat Tree, Height Adjustable Kitten Tower with Anti-slip K",UK,GBP,,,,D30-612V00GN,30.0,30.99 GBP
Revise,Furniture & Scratchers (20740),406140407281,"Cat Scratching Pad, Indoor Corrugated Cardboard with Catnip, Brown",UK,GBP,,,,D30-508,30.0,27.99 GBP
Revise,Other (88433),406140407291,"Cat Scratching Post, 79cm Tall Jute Scratcher Climber, Cat Tree Activity Center",UK,GBP,,,,D30-468,30.0,29.99 GBP
Revise,Ramps & Stairs (116389),406140407294,"Foldable Pet Ramp Dog Ramp for Cars, Truck, SUV",UK,GBP,,,,D06-153V00BK,30.0,38.99 GBP
Revise,Fences & Pens (20748),406140407314,"Adjustable Safety Gate w/ 3 Extensions and Four Adjustable Screws, White",UK,GBP,,,,D06-096WT,30.0,42.99 GBP
Revise,Fences & Pens (20748),406140407358,"Retractable Pet Safety Gate, Folding Stair Barrier, Guard Door - Grey",UK,GBP,,,,D06-071V01,30.0,28.99 GBP
Revise,Fences & Pens (20748),406140407366,"Pressure Fitted Pet Dog Safety Gate Metal Fence 76 cm Tall, Black",UK,GBP,,,,D06-058BK,30.0,33.99 GBP
Revise,Dumbbells (137865),406140407388,Hexagonal Dumbbells Kit Weight Lifting Exercise for Home Fitness 2x8kg,UK,GBP,,,,A91-018V01,30.0,30.99 GBP
Revise,Dumbbells (137865),406140407438,Hexagonal Dumbbells Kit Weight Lifting Exercise for Home Fitness 2x6kg,UK,GBP,,,,A91-017V01,30.0,23.99 GBP
Revise,Dumbbells (137865),406140407451,Hexagonal Dumbbells Kit Weight Lifting Exercise for Home Fitness 2x5kg,UK,GBP,,,,A91-016V01,30.0,20.99 GBP
Revise,Trampolines & Accessories (57275),406140407471,"40"" Foldable Mini Fitness Trampoline w/ Foam Handle, Orange",UK,GBP,,,,A71-034V00BK,30.0,51.99 GBP
Revise,Tents (179010),406140407481,4-6 Persons Camping Tent Dome Family Travel Group Hiking Room Fishing,UK,GBP,,,,A20-044,6.0,95.99 GBP
Revise,Bathroom Cabinets (176991),406140407483,60x60cm Under-Sink Storage Cabinet w/ Adjustable Shelf Drain Hole White,UK,GBP,,,,834-279WT,21.0,41.99 GBP
Revise,Other (88433),406140407492,"5-Tier Shoe Rack, Acacia Wooden Shoe Storage Organiser with Hangers, Holds up to",UK,GBP,,,,833-437V01,30.0,52.99 GBP
Revise,Shower & Bath Seats (129588),406140407505,"Shower Chair for the Elderly and Disabled, 6-Level Height Adjustable Shower Stoo",UK,GBP,,,,713-118V00GN,30.0,26.99 GBP
Revise,Construction Toy Complete Sets & Packs (258040),406140407511,"Kids Truck Engine Toy Set w/ Horn, Light, Car Key for 3-5 Years Old Red",UK,GBP,,,,350-129,30.0,47.99 GBP
Revise,Desks (115750),406140407532,"Kids Desk and Chair Set, Height Adjustable Study Table Set, Grey",UK,GBP,,,,312-061V00GY,30.0,44.99 GBP
Revise,Carriers & Totes (177788),406140407533,"70cm Foldable Pet Carrier, Dog Cage, Portable Cat Carrier, Cat Bag, Grey",UK,GBP,,,,D00-153V02GY,30.0,34.99 GBP
Revise,Gazebos & Pergolas (180995),406140407543,Set of 4 Canopy Tent Weight Sand Fillable Strong Plastic,UK,GBP,,,,84C-085,30.0,22.99 GBP
Revise,Wardrobes (103430),406140407548,Fabric Wardrobe w/ Shelves Hanging Rail Foldable Closets Light Grey,UK,GBP,,,,850-213V00LG,30.0,25.99 GBP
Revise,Garden Compost Bins (181023),406140407568,"160L Outdoor Tumbling Compost Bin with Dual Chamber, Black",UK,GBP,,,,845-490BK,30.0,52.99 GBP
Revise,Home Office Desks (88057),406140407577,Computer Desk Writing Study Table with Storage for Home Office Black,UK,GBP,,,,836-068V01BK,30.0,68.99 GBP
Revise,Dehydrators (32883),406140407582,"5 Tier Food Dehydrator, 245W Food Dryer Machine with Adjustable Temperature Cont",UK,GBP,,,,800-144V70,30.0,33.99 GBP
Revise,Other Commercial Kitchen Equipment (92301),406140407603,"5 Tier Food Dehydrator, 245W Stainless-Steel Food-Dryer with Adjustable Temp, Ti",UK,GBP,,,,800-142V70,30.0,37.99 GBP
Revise,Gazebos & Pergolas (180995),406140407606,"3 x 3(m) Patio Gazebo Canopy Garden Pavilion with 2 Tier Roof, Coffee",UK,GBP,,,,01-0153,13.0,205.99 GBP
Revise,Litter Trays (100411),406140407616,"at Litter Tray Pet Litter Box w/ Front Entrance, Top Exit, Scoop - White",UK,GBP,,,,D31-049,30.0,34.99 GBP
Revise,Ramps & Stairs (116389),406140407629,"Foldable Pet Stairs 3 Steps with Non-slip Mats for Small Dogs, Brown",UK,GBP,,,,D06-050V01BN,30.0,29.99 GBP
Revise,TV Stands & Entertainment Units (20488),406140407645,"Modern TV Cabinet Stand w/ Shelves & Drawers, Bedroom White & Grey",UK,GBP,,,,839-099,30.0,46.99 GBP
Revise,"Cages, Hutches & Enclosure (63108)",406140407654,Pet Playpen DIY Small Animal Cage 12 Panels for Hedgehog Bunny Chinchilla,UK,GBP,,,,D06-101,30.0,21.99 GBP
Revise,Greenhouses & Cold Frames (139939),406140407728,Greenhouse for Outdoor Portable Gardening Plant Grow House Green,UK,GBP,,,,845-511,30.0,38.99 GBP
Revise,Mirrors (20580),406140407733,Full Length Mirror Farmhouse Wall Mirror Hanging Freestanding Natural,UK,GBP,,,,831-695V00AK,30.0,39.99 GBP
Revise,Mirrors (20580),406140407745,Full Length Mirror Farmhouse Wall Mirror Hanging Freestanding Grey,UK,GBP,,,,831-695V00GY,30.0,44.99 GBP
Revise,Gazebos & Pergolas (180995),406140407758,3mx3m Pop Up Gazebo Party Tent Canopy Marquee with Storage Bag Green,UK,GBP,,,,84C-430V00GN,30.0,88.99 GBP
Revise,Fryers (185033),406140407778,Air Fryer 1700W 5.5L with Digital Display Adjustable Temperature,UK,GBP,,,,800-094V70,30.0,39.99 GBP
Revise,Fences & Pens (20748),406140407782,Pet Safety Gate Retractable Divider Home w/ 3 Extensions and Adjustable Screws,UK,GBP,,,,D06-096,30.0,48.99 GBP
Revise,Furniture & Scratchers (20740),406140407812,"Cat Tree Tower, Rotatable Top Bar, Sisal Post, Tunnel, Balls, Grey",UK,GBP,,,,D30-189GY,30.0,18.99 GBP
Revise,Dumbbells (137865),406153679668,12.5KG Single Rubber Hex Dumbbell Portable Hand Weights Dumbbell Home Gym,UK,GBP,,,,A91-020V01,30.0,24.99 GBP
Revise,Space Heaters (20613),406531042301,"Freestanding Electric Fireplace, Electric Stove Heater with LED Flame Effect",UK,GBP,,,,820-127,30.0,49.99 GBP
